date,[PS01=SLC03] Electrical conductivity (EC) [µS/cm],[PS02] Electrical conductivity (EC) [µS/cm],[PS03] Electrical conductivity (EC) [µS/cm],[PS04] Electrical conductivity (EC) [µS/cm],[SLC01] Electrical conductivity (EC) [µS/cm],[SLC02] Electrical conductivity (EC) [µS/cm],[PS01=SLC03] Nitrite (NO2-N) [mg NO2-N/L],[PS02] Nitrite (NO2-N) [mg NO2-N/L],[PS03] Nitrite (NO2-N) [mg NO2-N/L],[PS04] Nitrite (NO2-N) [mg NO2-N/L],[SLC01] Nitrite (NO2-N) [mg NO2-N/L],[SLC02] Nitrite (NO2-N) [mg NO2-N/L],[PS01=SLC03] Nitrate (NO3-N) [mg NO3-N/L],[PS02] Nitrate (NO3-N) [mg NO3-N/L],[PS03] Nitrate (NO3-N) [mg NO3-N/L],[PS04] Nitrate (NO3-N) [mg NO3-N/L],[SLC01] Nitrate (NO3-N) [mg NO3-N/L],[SLC02] Nitrate (NO3-N) [mg NO3-N/L],[PS01=SLC03] Total Nitrogen (TN) [mg N/L],[PS02] Total Nitrogen (TN) [mg N/L],[PS03] Total Nitrogen (TN) [mg N/L],[PS04] Total Nitrogen (TN) [mg N/L],[SLC01] Total Nitrogen (TN) [mg N/L],[SLC02] Total Nitrogen (TN) [mg N/L],[PS01=SLC03] Dissolved oxygen (DO) [mg/L],[PS02] Dissolved oxygen (DO) [mg/L],[PS03] Dissolved oxygen (DO) [mg/L],[PS04] Dissolved oxygen (DO) [mg/L],[SLC01] Dissolved oxygen (DO) [mg/L],[SLC02] Dissolved oxygen (DO) [mg/L],[PS01=SLC03] pH [NA],[PS02] pH [NA],[PS03] pH [NA],[PS04] pH [NA],[SLC01] pH [NA],[SLC02] pH [NA],[PS01=SLC03] Water temperature (Tw) [ºC],[PS02] Water temperature (Tw) [ºC],[PS03] Water temperature (Tw) [ºC],[PS04] Water temperature (Tw) [ºC],[SLC01] Water temperature (Tw) [ºC],[SLC02] Water temperature (Tw) [ºC],[PS01=SLC03] Turbidity (Turb) [NTU],[PS02] Turbidity (Turb) [NTU],[PS03] Turbidity (Turb) [NTU],[PS04] Turbidity (Turb) [NTU],[SLC01] Turbidity (Turb) [NTU],[SLC02] Turbidity (Turb) [NTU]
2014-01-31,301.20000000000005,240.60000000000002,239.8,240.9,234.5,239.1,0.21,0.016,0.016,0.02,0.02,0.045,0.87,0.92,0.72,0.72,0.18,0.27,2.37,1.83,1.44,1.51,1.07,1.18,3.6,5.940000000000001,6.72,6.48,5.65,5.48,7.49,7.63,7.93,7.690000000000001,7.5,7.58,26.8,26.6,27.2,27.4,25.5,26.9,5.7,11.0,8.3,8.8,12.0,9.0
2014-02-28,245.09764811430566,30.999187651196433,104.6,217.62631324743433,183.93600000000004,224.95499999999996,0.0,0.00811525918044644,0.017201399167311816,0.01748840979016463,0.016584703487678848,0.017152382758127728,0.21490723931557604,0.6371335529507686,0.435753011243926,0.13304296030382223,0.2409202380952381,0.344039575696707,1.6733421319558384,1.1014122867626128,1.443125,0.8853785714285713,0.9299999999999999,1.3286115261315845,6.807759999999997,6.856631812091593,7.384294850860226,7.048440705082038,8.619794918918958,6.787639999999993,7.7165081446176265,7.518281356326553,7.431505904060249,6.560269714558592,6.666982603462423,7.792952964467128,28.066411246808418,19.15139841987877,25.49090909090909,23.33400000000001,22.46715004034547,23.919535227739242,28.334592221272526,18.451336048242347,17.666666666666664,9.501108699269817,15.135,13.927777777777777
2014-03-31,204.60000000000002,142.8,182.9,154.5,146.4,190.99999999999997,0.0065,0.0012,0.012227863855696025,0.014,0.0029,0.0029000000000000002,0.34,0.54,0.51,0.54,0.1,0.16,0.99,1.34,1.28,1.26,0.96,1.08,7.48,6.51,7.03,7.04,7.18,7.880000000000001,7.83,7.7,7.57,7.61,7.65,7.63,19.700000000000003,22.4,21.9,22.1,18.7,18.799999999999997,13.0,15.0,18.999999999999996,15.0,18.0,15.0
2014-04-30,178.96683389616928,86.12807212057245,108.0,139.87484206820668,144.823,175.1739999999999,0.02003135196952849,0.004236397354911753,0.00520605569436407,0.006699878576018982,0.008762109854220018,0.008808744750096745,0.3521106514842742,0.47724870142785153,0.46908209378431637,0.14248390971015648,0.32148333333333334,0.5639352682196387,1.1901186387858,1.3218027382134727,1.1454333333333333,0.8853785714285713,1.008,1.0527156139486562,7.402079999999995,7.295719598322753,8.213887526148412,7.335520750241556,8.312351171216081,8.172859999999993,7.881331305252403,7.409232958524415,7.419165396824164,6.560209842793088,6.640065004900003,7.761478092889521,20.368994036482036,16.535381680439205,21.5,19.464000000000006,17.122380913887795,18.583020454641165,13.909268789587232,14.609124935270133,20.400000000000002,9.205483385471561,15.752941176470587,16.466666666666665
2014-05-31,187.30000000000004,132.3,104.6,95.5,143.7,173.6,0.016,0.016,0.016,0.016,0.016,0.016,0.6,0.61,0.6,0.52,0.8799999999999999,0.55,1.02,1.28,1.29,1.25,1.42,1.29,8.06,7.14,7.1,6.71,8.062343226069277,8.35,7.34,7.219999999999999,7.35,7.3,7.41,7.490000000000001,17.4,17.9,18.0,18.0,17.2,17.0,15.0,25.0,25.000000000000004,26.0,18.0,18.0
2014-06-30,174.7220718163011,95.9239295207898,106.3,65.7559309402526,125.92299999999999,137.08900000000003,0.018587677854555305,0.01794524836092914,0.018985615428888523,0.01682371383865559,0.0178806420181126,0.018104388603634666,0.3810697749132246,0.5041628085863072,0.4305781613742994,0.17698055872074,0.5390452380952381,0.39218422685906384,1.57637152864499,1.7226603723988028,1.415572619047619,0.8853785714285713,1.39,1.1211609502327728,9.783839999999989,8.29894750840073,9.617323701811022,8.443007768846522,9.630596461091935,10.19313999999999,7.7190128935701905,7.25871918478027,7.259932025424261,6.5601725612357455,6.623903842671567,7.840690826597047,12.660207718557318,12.662681089445263,12.32,12.493,12.827920890270507,12.010096841826732,34.959618468674336,22.377965020884986,18.6,11.782917311464729,40.0,28.700000000000003
2014-07-31,81.0,72.3,62.0,65.6,78.9,78.3,0.02,0.02,0.02,0.02,0.02,0.02,0.69,0.51,0.55,0.45,0.26,0.5,1.7600000000000002,1.39,1.58,1.41,0.99,1.5,10.32,8.26,8.69,8.54,11.4,10.35,8.01,7.15,7.44,6.98,7.51,7.320000000000001,10.7,12.8,12.5,12.5,9.399999999999999,10.6,45.0,39.99999999999999,50.00000000000001,40.0,40.0,44.99999999999999
2014-08-31,122.11836865384849,59.92435174660022,105.73333333333333,61.619186370077934,117.85599999999998,136.00300000000001,0.03563529743918244,0.018121981702670195,0.019017700514453964,0.017430650143304346,0.017952159431622986,0.017029742643151977,0.30540468210794447,0.3710494238271879,0.29512624328394627,0.1679164704729275,0.2646652380952381,0.31192548170444967,1.7188246142563077,1.529502813736638,1.0838833333333333,0.8853785714285713,1.21,0.9395202576219351,9.382940000000005,8.388405275682926,10.032461287980063,8.461986610224852,9.886717493695699,9.87445999999999,7.7222784512416345,7.327737723850732,7.364437089260752,6.560202184789243,6.636744941965537,7.827886676664775,14.025356553494866,13.691581938383754,15.766666666666666,15.704000000000002,13.783107677573538,14.417080518091238,26.43875871403406,24.564755154786805,21.56666666666667,14.444395827951658,34.93333333333334,28.614285714285717
2014-09-30,155.5,66.8,57.8,61.199999999999996,139.1,143.1,0.092,0.016,0.016,0.016,0.016,0.016,0.37,0.17,0.19999999999999998,0.17000000000000004,0.14,0.31,1.37,1.17,1.07,0.99,1.01,1.04,8.39,7.36,7.34,7.51,9.48,8.62,7.98,7.159999999999999,7.53,7.13,7.47,7.77,17.6,18.1,16.9,18.6,17.2,16.6,21.0,27.0,29.0,27.0,20.0,21.999999999999996
2014-10-31,175.48513501970322,47.26479010516757,106.3,98.74826294619066,136.15499999999994,158.01499999999996,0.03978033419867484,0.016168216375571504,0.01879867394400988,0.01525027948106091,0.01599840793727882,0.016,0.20563718904492034,0.1637084944842239,0.15745191126468658,0.14310310252344347,0.10242198412698413,0.23256252292499158,1.55232111730445,1.3988685901206535,1.0044666666666666,0.8853785714285713,0.9416666666666667,0.9434435192522134,7.615179999999996,7.665926436665857,9.331567899161143,7.71796829913101,8.848359676348053,8.176699999999997,7.763695538541995,7.427984538920582,7.416745163382401,6.560240042781132,6.653379641974174,7.762410596355057,22.171122402173353,16.570856988207446,22.03333333333333,21.014000000000014,19.22235129108136,19.456989545880536,20.37129554125668,15.126890440066465,21.066666666666666,10.930161648802587,16.884615384615383,19.075000000000003
2014-11-30,201.41185246785813,105.9,108.0,102.3,169.5,162.2,0.06428452036784883,0.016,0.016,0.016,0.016,0.016,0.029705073571083318,0.02,0.02,0.02,0.02,0.02,1.8625136469229455,1.4,1.44,1.2900000000000003,1.13,1.23,7.5669200000000085,7.64,7.04,7.28,7.509999999999999,8.12,7.649276306148749,7.6,7.41,7.550000000000001,7.75,7.75,22.809358441233947,24.0,24.2,23.0,21.999999999999996,21.900000000000002,17.78363749397428,13.0,18.999999999999996,15.0,16.0,18.0
2014-12-31,180.1398078107116,38.74360905313765,106.86666666666667,164.08619001794258,141.597,184.02299999999988,0.043700048143352675,0.016152936027717966,0.018825531257431843,0.014527458639005566,0.01608117376457104,0.016000000000000004,0.21614133029797625,0.3650159581491915,0.2939129773388257,0.13392577644826054,0.21182476190476188,0.22968141424514338,1.6890126075787981,1.4444311314392817,1.0249666666666668,0.8853785714285713,0.9566666666666668,0.9451512977857407,6.728519999999993,7.401001313446742,7.800796884765661,7.491265521121626,8.220480484500145,7.359359999999993,7.880315142642197,7.606527819156274,7.626418806646067,6.560305419190462,6.682240459226411,7.772092153361625,27.271538905617184,19.176470617912894,25.7,23.604000000000006,23.38369166064226,22.889868968864754,21.728079584472273,17.58330772326741,19.333333333333332,11.512404582990868,15.135,18.59
2015-01-31,301.6632145133568,143.7,201.3,158.8,265.3,237.89999999999998,0.008944368439337658,0.016,0.016,0.016,0.016,0.016,0.9155014971636476,0.37,0.7,0.7,0.26,0.63,1.4837948799348395,1.05,1.01,1.04,0.43,0.93,6.258959999999999,6.22,6.1,6.37,7.169999999999999,6.71,8.010555454535938,7.949999999999999,7.82,7.72,7.95,7.94,23.07884619152869,25.4,26.0,25.9,22.4,22.3,41.1719514724935,14.000000000000002,16.0,13.0,33.0,29.0
2015-02-28,221.50218937621094,23.510024791627536,120.9,212.42566567963283,216.27399999999994,331.35200000000003,0.025372089661316467,0.015917663793761777,0.01857948393350582,0.014420137504136794,0.015984837769132617,0.016,0.1527741221734094,0.5336864187560876,0.37895094479770763,0.13700045137116268,0.24383333333333332,0.1913052665725951,1.5740237169257314,1.1416540912371598,1.01345,0.8853785714285713,0.83,0.92103881164892,6.3345400000000005,7.04542076763606,7.224192034032292,7.124891719033648,7.770806665313358,7.038199999999991,7.989647701656286,7.837530067905089,7.8071495636581165,6.5603981400009275,6.722440856069666,7.734676922913729,28.727342655025925,20.146662518522835,25.924999999999997,24.23400000000001,22.73039581688161,24.30328526471173,11.851827235274811,12.371855787542511,19.333333333333336,9.626151072280148,14.37777777777778,13.925882352941178
2015-03-31,415.7047794265644,201.8,212.4,205.6,375.1000000000001,324.1,0.050320678518140746,0.016,0.016,0.016,0.016,0.016,0.3221396453046855,0.44,0.43,0.26,0.060000000000000005,0.02,1.1367233462173227,0.94,0.94,0.89,0.77,0.49,6.372580000000004,6.82,6.25,6.59,6.58,6.680000000000001,7.905210430903809,8.02,8.11,7.879999999999999,7.97,8.19,26.85247056011124,26.4,24.2,26.3,23.1,25.4,6.802100484781349,12.0,14.0,15.0,7.400000000000001,1.8
2015-04-30,279.3179598851265,34.75289911376528,124.7,224.74321311628705,247.96899999999994,392.72200000000004,0.044075349171937284,0.01591412577849219,0.018573871643476868,0.014381609744443144,0.01598235592277295,0.016,0.061172093124936454,0.5402696218322826,0.35690715579073673,0.1161100066870236,0.06948353174603175,0.1551531447269195,1.443110645100026,1.274302655613992,0.99295,0.8636285714285714,0.8217647058823528,0.8977650193698444,7.350719999999993,7.9103853779051505,7.393663669488156,7.921048554791072,8.443236020058066,8.049059999999994,7.990039912918751,7.942091156692321,7.799659277980087,6.560422786865085,6.733234888375576,7.838702361643722,21.38331786925064,18.048433769726817,21.9,20.825000000000006,17.04097076845949,21.755922791050242,6.493110147614335,12.72932246182039,24.000000000000004,9.275753446906181,13.431250000000002,4.011428571428572
2015-05-31,413.31661512211883,203.1,257.9,224.8,371.40000000000003,443.5,0.005089311890421799,0.016,0.016,0.016,0.016,0.016,0.6211824904215039,0.68,0.72,0.71,0.053,0.062,1.3788823164644115,1.25,1.24,1.25,0.46,0.8,8.768240000000002,9.05,8.39,8.95,8.64,8.46,7.929999999999999,8.05,7.96,7.990000000000001,7.89,8.18,16.76719301558346,18.7,18.1,18.2,17.2,18.9,35.98644995799745,25.0,28.0,29.0,30.0,5.099999999999999
2015-06-30,279.4428302297017,85.89223166256146,126.02499999999999,211.33862735391688,238.69799999999995,416.9289999999999,0.009534447376164898,0.0020363055303662587,0.0015995800473217142,0.003361138891373256,0.00812559146942752,0.002137813472960271,0.06711963009923551,0.6314646844023688,0.4591662772734333,0.1175524266147746,0.07245019841269842,0.1571141358172804,1.4681566519730485,1.1088965260120374,1.0855166666666667,0.8853785714285713,0.8772727272727273,1.063827889886968,9.170599999999999,8.59885122448859,10.200647853138918,8.94024258914507,9.150908482590518,9.446139999999996,7.990267992599534,7.996772446119141,7.88280371453856,6.56046942207366,6.753691918844916,7.881805924023697,10.86637225206833,11.667625416137698,12.433333333333332,13.063000000000002,12.333851800908104,12.361972649823139,21.922275571474415,24.126578839708632,19.6,11.662817694780383,20.933333333333334,4.1675
2015-07-31,370.68350137290037,222.39999999999998,327.8999999999999,239.7,327.1,389.0,0.011401678924575581,0.0,0.0,0.0,0.0,0.0,0.45669495394747917,0.56,0.30000000000000004,0.63,0.074,0.1,1.4026716484818913,1.11,0.99,1.14,1.1,0.6,8.74197999999999,7.93,9.05,7.950000000000001,8.55,8.85,8.117794875840579,8.0,8.61,8.15,8.06,8.78,11.647807092923154,11.6,11.1,11.2,8.4,9.8,78.6874673171105,27.0,12.0,26.0,60.0,2.2
2015-08-31,237.43139487085244,51.665918123556516,124.7,194.97655130211376,197.901,295.70199999999994,0.0,0.0020389046704408303,0.0015736611317763217,0.0037059029600933096,0.008113673498868735,0.0023190953495460893,0.15750650404935262,0.5933504712049924,0.4574167380665412,0.1380185498900769,0.1273202380952381,0.18609776158971025,1.5463197115748633,1.2671540397606664,1.4520321428571428,0.8853785714285713,0.9083333333333332,1.016544911239137,9.015119999999998,8.26496044626468,8.60825146231321,8.331354648269182,8.924586318673953,9.02869999999999,7.920120137164081,8.039531768171537,8.080655256192527,6.560552055152593,6.789698406123525,7.846176869912336,16.067071872072685,15.012940693684378,17.54,16.969,14.417446739173062,15.898342227158016,39.098519154815044,21.063697490677022,23.06666666666667,10.556632113268348,45.0,4.776363636363636
2015-09-30,323.08832296318013,144.3,191.5,164.6,286.5,274.79999999999995,0.009935753599903058,0.016,0.016,0.016,0.016,0.016,0.7509094675778285,0.76,0.63,0.66,0.10999999999999999,0.31,1.7431494874420626,1.69,1.63,1.67,0.73,1.06,9.832579999999998,8.52,8.73,9.07,8.83,8.81,8.216833496937067,8.2,8.42,8.19,8.55,8.36,14.409407025009088,14.9,15.3,15.4,14.8,15.2,16.632967280071295,24.0,25.000000000000004,24.0,16.0,14.0
2015-10-31,290.820406232281,56.91607443902955,124.7,164.58234707558805,224.95899999999995,293.30100000000004,0.0454169997191345,0.01848734179490579,0.01868290917407905,0.01852690539340425,0.019531580970947968,0.019710018373128083,0.13530106430072536,0.565076504696693,0.40256351924014705,0.13252540419461709,0.1273202380952381,0.19369981780738504,1.509377070420042,1.683470180316825,1.4103853174603174,0.8853785714285713,0.85,0.9408042180107347,9.057299999999998,8.209355542577619,8.265876839100207,8.284218121837092,8.723598561610672,8.457219999999996,7.989888500869473,7.859855332391765,7.764719590575605,6.560449512951677,6.744950456619579,7.745841488067878,20.650608913022527,15.408092652755387,18.7,18.593000000000004,16.736130511635796,17.675903557217822,17.287141122662852,15.986850034040849,21.33333333333334,7.927617419592355,15.135,11.814285714285715
2015-11-30,344.8,184.7,192.6,188.3,315.0,336.19999999999993,0.023,0.023,0.023,0.023,0.023,0.023,0.36,0.49000000000000005,0.46,0.43999999999999995,0.1,0.17,1.06,1.16,1.13,1.1299999999999997,0.71,0.96,7.449999999999999,8.0,8.24,8.1,7.6899999999999995,7.76,7.87,7.84,7.8,7.84,7.69,7.83,22.0,21.9,21.4,21.7,21.6,21.8,5.5,22.0,23.0,22.0,9.2,9.5
2015-12-31,223.18536608035748,32.49200632152605,119.13333333333331,193.91364748977975,189.74800000000002,274.508,0.027456203361692706,0.018536305805393647,0.019359262412989544,0.020137902156115016,0.020975218666989044,0.02018355841400383,0.18471566249782873,0.46101103500479135,0.3376134494655958,0.14018199054115055,0.11623190476190476,0.16031127831081943,1.4828913322200938,1.3975550793443325,1.0131166666666667,0.8853785714285713,0.929375,0.9002175313549245,7.092219999999995,7.860364699438034,7.647285223758849,7.8481471769527165,8.189335225421992,7.6854999999999905,7.702983696551558,7.589134615001534,7.596528671268542,6.560329316949058,6.692679036134992,7.777884452604697,27.143528203694064,17.82251610821931,25.189999999999998,23.079000000000004,24.075559335042616,24.2922725033875,28.724342262493998,13.610099538509242,16.333333333333332,8.678952885481706,13.431250000000002,5.285
2016-01-31,266.9,165.4,166.6,176.2,168.2,243.19999999999996,0.019,0.019,0.019,0.019,0.019,0.019,0.55,0.78,0.49000000000000005,0.42,0.076,0.079,1.43,1.27,1.18,1.22,0.86,0.75,6.48,7.42,7.45,7.99,7.39,6.97,8.1,7.400000000000001,7.49,7.879999999999999,7.98,7.99,25.8,26.9,26.3,26.3,24.2,26.2,9.4,13.0,14.0,17.0,12.0,12.000000000000002
2016-02-29,221.47233520610752,24.618400160744248,120.52499999999999,185.23347428860595,196.002,288.0220000000001,0.031100926544293393,0.01845007211835135,0.018671065756787366,0.01910739730159424,0.020251625751283784,0.02018735991807273,0.18917328080577347,0.5120272209548276,0.3622027299769133,0.14698092296790194,0.11623190476190476,0.1621496322388802,1.5274802697351049,1.4376177855864392,1.0637166666666666,0.8853785714285713,0.88,0.9248684395561999,6.417459999999995,7.658443911167209,6.656295476326356,7.732750350699791,7.933364936183989,7.199459999999992,7.715125040925346,7.523805958872769,7.525956474526874,6.56032161483702,6.689348241320087,7.7681007323872295,27.09479447239405,20.372905464129627,26.15,24.56200000000001,22.446138103164415,25.40829974488252,29.85141219420208,7.971644190740363,15.999999999999998,8.633973555958747,15.135,8.2375
2016-03-31,221.45093340617126,37.93978721913989,121.4125,160.47691953322618,202.77900000000005,304.13500000000005,0.029212381918048154,0.018785686822490235,0.01896319314585294,0.020782406229554858,0.021627662834214946,0.02102886284359871,0.14742577134329418,0.5509372493596164,0.3855421135324411,0.1365434714220964,0.13519523809523812,0.17075509888495824,1.6109718894047402,1.407520398738585,0.99295,0.8853785714285713,0.8615384615384615,0.9186515352344672,7.375979999999996,7.861456967912159,7.378858860178003,7.913495257828626,8.421844451554387,7.846400000000001,7.710581739803799,7.625589285391348,7.5647674195736805,6.5603154042250535,6.686630750172866,7.78398384536386,23.356543156891053,17.97465855444413,21.93,21.721000000000007,19.10359596460564,22.857614255003924,21.889716128440266,12.328906020241053,21.0,10.327613347630773,15.135,4.6000000000000005
2016-04-30,265.93912766729835,139.6,156.8,142.2,230.49999999999997,339.1,0.015622166667571434,0.023,0.023,0.023,0.023,0.023,0.5909678105050082,0.55,0.6,0.56,0.16,0.18,1.735924835897061,1.11,1.16,1.14,0.9300000000000002,0.91,7.612380000000002,7.88,7.91,8.02,7.839999999999999,7.73,7.9303001929752455,7.790000000000001,7.8,7.78,7.62,7.8,19.882992552416813,21.0,21.0,21.0,19.8,20.1,57.513346013320216,19.999999999999996,28.0,21.0,45.0,5.0
2016-05-31,206.35030755196672,60.652977789899346,113.56666666666666,127.50226739577593,170.497,265.7450000000001,0.0,0.018911826005567123,0.02002950213473621,0.02437900268602612,0.02299731079324704,0.022278375997651135,0.19468380791279458,0.5615294590227765,0.40285033411586935,0.14272837645889858,0.13438214285714284,0.23278840572157158,1.6205190086725325,1.3770898501105613,1.1454333333333333,0.8853785714285713,0.915,0.9347069644602798,9.138619999999992,8.90466062832535,9.291971384112024,9.234118371413322,9.483924044985248,9.395199999999996,7.715158610835238,7.646320540442494,7.556460220373344,6.560304245664126,6.681695745901939,7.8143972662993875,14.17345375162017,13.670869837876683,12.45,14.24,13.769930575249386,13.788670158374474,40.06293814398004,21.91648645557677,18.6,7.248864741470062,13.431250000000002,9.157142857142857
2016-06-30,274.79659143556245,133.4,174.2,130.7,239.9,267.9,0.02411161737788753,0.023,0.023,0.023,0.023,0.023,0.6388419192888648,0.55,0.53,0.53,0.12000000000000001,0.31,1.5894867316087067,1.41,1.35,1.38,0.64,0.95,9.87931999999999,9.95,9.93,9.48,9.86,10.4,7.651944095269035,7.5200000000000005,7.769999999999999,7.3500000000000005,7.71,7.75,14.471761657855144,12.7,11.4,11.8,12.1,11.6,5.788930451006238,16.0,13.0,16.0,7.0,8.2
2016-07-31,222.95138503927333,69.92899732232581,104.6,129.60059810894748,174.13900000000007,275.5170000000001,0.03446474816044267,0.019270233042150392,0.019360243703975287,0.023789586349253218,0.0219390768609341,0.019661466618577587,0.1924871830909048,0.4453812470717272,0.3229829164733046,0.11779153303611554,0.12778214285714284,0.3109059146411569,1.598430407665594,1.2850868641954925,1.46515,0.8853785714285713,0.9133333333333333,0.994929914799907,9.907279999999991,9.611268054126064,10.402874574732746,9.857467620141072,10.147749643625966,9.975219999999984,7.723576361532089,7.720607997500071,7.621031133299225,6.560364082459703,6.707869645573778,7.821552024068088,14.31215075931593,12.552697620559043,12.333333333333332,12.482000000000001,13.773908835745805,11.710476911746559,36.15133667825797,29.106122671965107,33.333333333333336,8.915593906950793,13.431250000000002,9.927272727272728
2016-08-31,245.36301882128873,65.26198709084035,113.32,140.01876858530804,188.19900000000004,267.21000000000004,0.04264883524456881,0.01870168188363176,0.018883346925302465,0.021153341953330483,0.0209557075894893,0.020739908200691395,0.18848300360158726,0.40306438970164105,0.2938064235070572,0.1384493279229919,0.11008531746031745,0.2434597908387034,1.614724084332386,1.5747152564472493,1.4204603174603174,0.8853785714285713,0.916,0.9947103532744154,9.656599999999985,9.312557245981377,9.284749559416102,9.718228767177456,9.689127399830024,9.46722,7.70280726185275,7.844307008749476,7.682774044563391,6.560398388490131,6.722645903030351,7.876136888160708,13.216714371624645,12.84570749681992,12.485714285714286,14.065999999999999,12.830849877401027,13.039284851901074,37.350395501016784,20.701002276826117,20.666666666666668,6.862326536663829,15.135,5.285
2016-09-30,263.83802490231756,68.42553890099822,115.70000000000002,147.81119381401638,197.893,281.5050000000001,0.06887550273784517,0.018711121519104403,0.01887186008080509,0.019951955517900646,0.01995269941110802,0.0204306560475588,0.1277049715773567,0.34384848724303746,0.23712115331796643,0.12323799211183517,0.06708769841269842,0.22142632666246642,1.5105423066901402,1.6336488164209155,1.450697619047619,0.8853785714285713,0.9025000000000001,0.9058331647693695,9.552179999999977,9.095224091359709,9.817681861297022,9.384183646602553,9.398471153543118,9.211659999999995,7.989375055179419,7.978731522111785,7.794691475917168,6.560453845430268,6.746905603134338,7.8708820748773975,15.789874919630531,13.041823107841537,15.3,15.013000000000002,14.856555921835403,14.613501634912934,17.29632341173621,23.663365201630025,21.000000000000004,10.981309537885036,12.278260869565218,5.0
2016-10-31,328.6,149.2,205.4,153.4,272.6,303.5,0.019,0.019,0.019,0.019,0.019,0.019,0.017,0.39,0.43,0.16,0.017,0.017,1.52,1.53,1.53,1.4999999999999998,0.83,0.83,8.68,9.1,8.62,8.78,8.34,8.44,8.36,8.11,8.41,8.0,8.03,8.19,19.5,23.3,19.1,20.6,18.9,18.0,3.3,19.999999999999996,17.0,19.0,9.2,4.699999999999999
2016-11-30,245.38494668951205,45.43571585322285,125.0625,220.41292200791378,217.43299999999994,267.57200000000006,0.04685450169379586,0.017301682382059185,0.018860532543123802,0.012901739547828911,0.029997805394819797,0.016,0.1630687388779777,0.3165009053305326,0.21158717967712917,0.13995461364378042,0.13864738095238097,0.17763121901992407,1.56040182001177,1.570061201911086,1.4235309523809523,0.8853785714285713,1.1449999999999998,0.9384882410596174,8.229000000000003,8.272823967201273,8.146778431559683,8.294388230483907,8.427099106754328,7.98285999999999,7.836246631069203,7.705077743500978,7.663363194073842,6.560382237770098,6.715577550925136,7.766964844164584,24.095438763750956,16.2071437344364,21.966666666666665,21.134000000000015,20.276791057761024,21.47666066118908,13.846091166811348,13.624952920323379,19.666666666666668,11.724720923114715,13.431250000000002,12.800000000000002
2016-12-31,289.50000000000006,255.4,268.8,255.2,196.30000000000004,270.4,0.0414,0.0414,0.022608201613050823,0.019063719629037156,0.0414,0.0414,0.83,0.4,0.3593568278029759,0.29815637198250206,0.39,0.42999999999999994,2.14,1.03,1.0855166666666667,0.9904880952380953,1.61,1.62,6.779999999999999,7.75,7.82,7.74,6.550000000000001,7.319999999999999,7.050000000000001,7.34,7.809999999999999,7.28,7.61,7.78,23.8,24.4,25.6,26.3,22.4,22.9,13.999999999999998,8.7,13.666666666666666,10.265415645798988,21.0,12.000000000000002
2017-01-31,225.52598567850163,35.8298380796091,123.175,262.39349091129725,229.17899999999995,279.72000000000014,0.029457275542669515,0.018607808201544406,0.018888239693104675,0.0065634029020885925,0.01964687361961658,0.015421004356053652,0.2921297675275043,0.34290430377858616,0.2641269570315095,0.16753217083002614,0.3559271428571429,0.2600028948120631,1.6005827551158713,1.2125948292188191,1.01345,0.8853785714285713,1.3066666666666669,0.9981155448227945,6.189420000000003,8.196258526529068,7.6957604703033935,8.305859503916873,7.5588334639362,6.908479999999994,7.694748421505357,7.552333620414744,7.5586738504307664,6.560291181955663,6.675935702311196,7.753020572093485,29.021123909843205,19.286432670001858,26.000000000000004,24.422000000000008,23.37404519088495,25.421193319739512,17.536350107276863,10.601129556257336,16.666666666666668,8.834664842973742,15.135,13.125000000000002
2017-02-28,245.7,256.4,195.1,221.69999999999996,311.1,215.4,0.0,0.0,0.0,0.0,0.0,0.0,0.58,0.15,0.39,0.26,0.64,0.31,1.44,0.81,1.11,0.93,1.52,1.28,5.4,9.2,5.51,7.5,5.3,6.16,7.82,8.1,7.719999999999999,7.56,7.85,8.01,29.2,27.299999999999997,27.399999999999995,27.799999999999997,24.0,25.7,13.0,4.4,12.0,9.1,16.0,13.000000000000002
2017-03-31,246.24484598685333,37.242981318705496,124.7,221.21698991127295,211.51599999999993,322.363,0.006445209116592742,0.0014030753981232823,0.0016222100386886478,0.0010935283730490175,5.762345054406509e-06,0.0015986412219995757,0.20259321913543987,0.5542162297958088,0.3701437988562493,0.14889723051465897,0.16652357142857144,0.19303825806326594,1.4873815453635186,1.0056344589066686,1.03525,0.8853785714285713,0.8527272727272727,1.031090405745938,6.718499999999996,8.080861609972139,7.335043767368467,8.206714701812986,8.124679628246145,7.185219999999994,7.582862030337693,7.68835531794626,7.585495149215206,6.560309567042586,6.68402471533154,7.758499930254944,26.218344708639133,18.297111115249542,25.071428571428577,23.111000000000008,19.17748161571491,22.66262074173924,18.55179353214614,12.080988605102089,21.0,10.942470307036348,13.874999999999998,12.950000000000005
2017-04-30,331.30000000000007,177.7,208.6,178.2,329.9,261.7,0.049,0.0,0.0,0.0,0.0,0.0,0.95,0.71,0.73,0.7,0.12000000000000001,0.06,1.5099999999999998,1.17,1.29,1.22,0.7200000000000001,0.74,7.21,7.5,8.1,9.14,8.24,8.07,8.02,7.7,7.67,7.6499999999999995,7.71,7.88,18.2,19.7,19.1,19.6,18.4,18.5,2.9,16.0,21.0,16.0,2.7,3.4
2017-05-31,220.60340173147858,61.48311231896134,119.13333333333334,152.6677729269741,184.46800000000002,261.26400000000007,0.005631314585389634,0.0014440897874990724,0.0019224846418606281,0.001311373654816671,-2.5937533091111906e-05,0.0026259929824024946,0.22070097400207808,0.6254641092573373,0.43456230819702324,0.15050121506165956,0.1665297619047619,0.20234589876981074,1.4500524487256448,1.3068644700581984,1.46515,0.8853785714285713,0.9025000000000001,1.1039371768899013,9.514939999999983,8.590261377001898,8.23448408087871,8.768757780882934,9.462168211019382,9.235639999999984,7.718680284079979,7.604373443377643,7.550927186212164,6.560317993357792,6.68777194267962,7.781689625472807,16.672454877715722,14.13719151742075,16.9,16.431,15.501181351716951,15.029521653055404,17.207173942674167,16.09350385366397,22.333333333333336,9.622300001401946,15.135,5.8
2017-06-30,229.1,145.0,130.0,138.2,188.80000000000004,205.60000000000002,0.0,0.0,0.0,0.0,0.0,0.0,0.73,0.64,0.42,0.52,0.16,0.3,1.5099999999999998,1.55,1.52,1.4999999999999998,0.7200000000000001,1.08,10.28,9.370000000000001,9.53,9.47,10.37,10.3,8.0,7.619999999999999,7.88,7.52,7.8,7.93,10.4,12.419963714835744,12.1,12.4,9.399999999999999,8.9,13.999999999999998,23.0,28.0,26.0,16.0,14.0
2017-07-31,177.96546193598485,88.14040978223873,106.3,116.87189614964316,134.518,155.08399999999995,0.031005308200737776,0.0018577604704245814,0.008558212135738343,0.0016109173778260872,-3.6605179144137864e-05,0.0016818165944884945,0.2109476730382848,0.53905755075497,0.41124988544142266,0.14683232966175536,0.14212023809523808,0.2053496588022305,1.40065542640224,1.412046051266368,1.46515,0.8853785714285713,1.236,1.3121947777269634,9.924919999999972,9.082799578884387,9.600107792217505,9.230450254430767,9.669766485949472,10.051499999999997,7.8820472485298945,7.517911539947691,7.556710236232239,6.560305283157486,6.682136551668016,7.799674252958309,12.290980881230295,12.5172492938249,12.34,12.801000000000002,14.715570509750842,11.475212193761026,28.554973109658484,20.524345162756788,22.6,10.723628359596919,20.933333333333334,28.099999999999998
2017-08-31,116.0,65.82016284725586,67.1,135.9951161925123,52.8,113.8,0.0009000000000000001,0.0022988859412336284,0.00870242430846845,0.00453581310541677,0.0,0.0,0.25,0.5285822021027804,0.41653746728212493,0.1106137663766062,0.17,0.2,2.01,1.3637252557747417,1.451607142857143,0.8853785714285713,1.6199999999999999,1.5900000000000003,9.260000000000002,8.834863094316557,9.611092872432817,9.023088250129957,9.09,9.29,7.75,7.3128200715462475,7.4863330270201764,6.5616411913424475,7.74,7.530000000000001,13.9,13.503157985673441,15.3,15.884000000000002,13.000000000000002,13.7,57.0,19.25346856439545,34.733333333333334,10.73092600365898,49.0,41.0
2017-09-30,178.6384552169246,66.62490832124666,67.1,136.7230325630071,139.306,170.59299999999993,0.0,0.0017325721249763554,0.0012349277005922097,0.0017469547438613588,6.04733395834932e-06,0.001863931063554247,0.21194883519642296,0.565759930870328,0.4361504059859441,0.1277432840844902,0.1452702380952381,0.1932824722930911,1.7373296152217166,1.430459976164981,1.46515,0.8853785714285713,1.20875,1.356728362684491,9.386759999999997,8.33584147437487,7.746477373853013,8.47464257985739,8.80998105210872,8.567439999999996,7.72392267031191,7.338404730170669,7.387118678159295,6.560217985991954,6.643692425610682,7.749170999945105,18.124869942870518,15.523607397378127,17.62,17.836,16.145406900921056,16.269716243357923,41.05170637572697,13.556319034266236,24.400000000000002,8.678141730513149,16.884615384615383,24.3
2017-10-31,288.90000000000003,115.6,187.1,157.7,261.8,274.59999999999997,0.05399999999999999,0.0,0.0,0.0,0.0,0.0,0.7499999999999999,0.64,0.59,0.68,0.18,0.35,1.67,1.32,1.48,1.32,0.82,0.98,6.68,8.15,7.7,8.15,7.25,8.05,7.31,7.27,7.38,7.39,7.4,7.480000000000001,19.3,18.9,18.9,18.8,18.6,18.2,8.8,26.0,22.000000000000004,24.0,15.0,12.000000000000002
2017-11-30,245.3498064200203,46.155565240921874,123.65,192.21967515563543,202.49299999999994,293.031,0.05119493311036944,0.0014169617468691872,0.001996483127143429,0.0008444261004456141,0.00035188235151383885,0.0003029078750565676,0.1490656960842266,0.6260052262208207,0.44860753769708933,0.13575723363537914,0.1483309523809524,0.17108185358031297,1.4803430212876851,1.329855207849614,1.407954365079365,0.8853785714285713,0.8607692307692307,1.148967148905825,8.194919999999994,8.139779635002851,8.245866733104895,8.171935377022221,8.423463485529059,8.093139999999993,7.694772194926393,7.484643502261341,7.343414722711509,6.560194097753717,6.633268878904386,7.81951068107812,24.61327555511718,17.140876253863038,21.95,21.145000000000014,18.237433406925305,20.799092842356377,16.612441518935498,28.403712708527543,21.333333333333332,12.671386481064653,12.278260869565218,5.247999999999999
2017-12-31,410.49999999999994,227.1,238.8,229.9,332.5,380.59999999999997,0.15,0.0009,0.0009000000000000001,0.0,0.049,0.0009000000000000001,0.38,0.63,0.55,0.59,0.04700000000000001,0.0,1.31,1.28,1.49,1.41,1.46,0.8,11.3,8.28,8.07,8.44,7.169999999999999,7.950000000000001,7.929999999999999,7.77,7.629999999999999,7.76,7.28,7.570000000000001,26.5,25.3,25.2,25.1,23.9,25.2,1.5,11.0,13.0,13.0,5.0,2.0
2018-01-31,255.50475804569408,30.417805274294878,126.46666666666667,271.2614603234284,208.98600000000002,352.7190000000002,0.02101470894760676,0.0021375380244807707,0.001655456614569087,0.0038291843288512464,0.001018982407295176,0.002501425976227586,0.10527125501012836,0.38972285732219586,0.28785488503817497,0.12460742514764583,0.26769857142857145,0.20451879988916757,1.561861108498847,0.9786744617234411,1.03525,0.8853785714285713,0.8372222222222222,0.9775570480554304,5.908920000000002,7.698892424259038,7.003647381051356,7.686931232210216,8.12051341936727,7.197379999999995,7.560865339298393,7.684236718079686,7.592864190911168,6.5603000925207295,6.679816410729755,7.755240171402363,27.522313382860172,19.194248669044317,26.020000000000003,24.425000000000008,24.162611012327222,26.473525557777343,21.283990505000148,5.374934556237816,13.0,8.389772420116497,15.135,14.985714285714288
2018-02-28,238.9,271.4,276.9,275.9,315.6,443.59999999999997,0.055,0.0,0.02,0.005999999999999999,0.0,0.007,0.8900000000000001,0.19,0.08,0.10999999999999999,0.13,0.17,2.2,0.82,0.89,0.72,0.88,1.14,5.33,6.94,7.59,8.32,7.73,7.21,7.42,7.8500000000000005,7.94,8.13,7.83,7.93,24.6,24.7,25.5,25.5,23.8,25.899999999999995,73.5,4.81,10.2,5.86,10.2,12.8
2018-03-31,253.27243568256708,50.15131592210306,113.32,248.51366108377138,207.84499999999994,360.2060000000001,0.02599627137833004,0.002709511719072281,0.0018590086356565373,0.004949068440040275,0.002036953517608436,0.0019407792708968459,0.1267209655624373,0.3810772522497097,0.25490128073379564,0.128925342142266,0.17653785714285716,0.18963744548795133,1.5218154586620605,0.736055220269552,1.0554166666666667,0.8853785714285713,0.8899999999999999,1.2360085795985687,6.388160000000009,7.701009246496688,7.049049605025709,7.841756979185279,8.34181540892463,7.427339999999993,7.696281818597814,7.652184264004935,7.601693358892705,6.560329087688449,6.692577479685654,7.81778561162897,25.41566108425347,17.213956786986607,22.099999999999998,22.04400000000001,19.530759438553005,22.84066592995505,19.19541692485559,13.903874976475457,15.333333333333334,11.076398800779403,14.37777777777778,16.022222222222222
2018-04-30,432.49230496312595,217.2,216.0,215.5,390.6,459.00000000000006,0.043008761578537814,0.0005,0.0005,0.0005,0.0,0.006,0.4597479450655902,0.48,0.57,0.47,0.1,0.054000000000000006,1.2477677290874645,0.98,1.1,1.02,0.51,0.92,6.414419999999998,7.61,7.1,7.63,6.6,6.279999999999999,7.929999999999999,7.83,7.73,7.84,7.76,7.7,24.364800062785488,22.1,21.7,22.0,22.7,23.4,13.789887818430207,9.999999999999998,14.0,19.0,13.0,18.0
2018-05-31,246.2338182823985,67.50158176796602,124.7,195.66654936984023,227.37399999999994,264.734,0.0,0.001867246037029304,0.0015796789258866676,0.0037524844539333067,0.002716275785119727,0.0019771980284869818,0.149249106232819,0.6905933691507896,0.43029374249313945,0.1347333722399922,0.2790738095238095,0.23178901822374562,1.4610004019833949,1.1022556252975488,1.1252666666666666,0.8853785714285713,0.8533333333333333,0.9853500047743838,8.950579999999995,8.859630291569495,8.920654628496976,8.994098580786499,8.90547291755668,8.802579999999992,7.693940574051557,7.710824623088707,7.656089527439172,6.560354793496271,6.70377853092597,7.804584697300526,19.494203489499764,15.243720440671586,17.62,16.686,16.686611134818527,15.901135098786714,11.578842344167487,19.741208561139256,23.666666666666668,8.313219309002879,15.752941176470587,16.0
2018-06-30,277.70000000000005,191.7,225.9,198.4,184.2,256.3,0.0005,0.006,0.015,0.008,0.0,0.0005,1.1,0.71,0.81,0.74,0.34,0.6,2.14,1.41,1.75,1.52,1.4,1.31,9.640000000000002,10.25,9.97,10.13,9.68,11.12,7.94,7.93,7.93,7.9,8.03,7.93,12.0,13.0,12.4,12.7,10.9,11.0,16.5,16.1,17.8,17.3,29.1,15.8
2018-07-31,221.35419226831286,75.37979737202576,108.0,124.67491542661969,173.20700000000002,205.607,0.01055715637888042,0.0028895615813836163,0.013806892499988734,0.008697195517576374,0.006878456792677162,0.0035792766190193403,0.3636417581648832,0.5829786157353098,0.4404088905135204,0.17885879404543456,0.40212857142857145,0.27115388637365445,1.4031047267922305,1.5946636708742326,1.4299793650793653,0.8853785714285713,1.26,1.4802544684001813,10.087879999999991,9.744961344719753,9.752203051092769,9.957342708024544,9.761652870834784,10.483019999999986,7.745175321812767,7.376402386222063,7.436959320775492,6.56030305082169,6.681166427882168,7.779618722255082,11.755303477909486,12.62772582580285,12.333333333333332,12.432,14.115184786496107,10.69021258420121,42.57327460240962,24.197430139514687,22.6,6.303487189959065,23.066666666666666,17.86
2018-08-31,226.69999999999996,98.4,124.7,106.9,166.4,207.6,0.014,0.016,0.015,0.014,0.006,0.007,0.5,0.34,0.45,0.39,0.13,0.31,1.62,1.57,1.57,1.49,0.91,1.16,10.32,9.750000000000002,10.13,9.88,10.07,10.72,7.66,6.82,7.13,7.24,7.82,7.66,13.4,12.6,13.1,13.3,13.1,12.7,21.5,40.6,37.7,41.4,22.7,21.3
2018-09-30,201.0232715640725,50.83405266642183,108.0,128.66073975495857,164.42000000000002,212.8339999999999,0.02915207420486913,0.013585549196874974,0.0158487984713061,0.015160423819101385,0.008942695322650717,0.007513209802624304,0.2133510087144909,0.40610802466031004,0.3056435987117547,0.1494435074149496,0.13864738095238097,0.20268422753027093,1.5459977241601521,1.7699722346445728,1.451579365079365,0.8853785714285713,1.21,1.3810353505932476,8.889079999999998,7.951387508467983,7.706221525774359,8.045582014413146,9.13068638093884,8.752799999999992,7.717594811010647,6.932707059823653,7.01920542058045,6.560122904531454,6.602117126092545,7.713373386545821,19.35775799093664,14.678490869975375,18.05,17.968999999999998,17.06718987876135,17.14845923729911,16.667741321897722,15.876650349912035,22.333333333333336,8.415230346969746,20.933333333333334,17.142857142857142
2018-10-31,258.0,150.9,143.2,139.8,198.9,233.6,0.012,0.013,0.023,0.019,0.0,0.0,0.38,0.39,0.35,0.32,0.14,0.25,1.53,1.62,1.51,1.58,1.21,1.9,8.06,6.09,7.8,6.8,8.02,8.47,7.14,6.81,6.81,6.639999999999999,7.25,7.14,21.1,20.1,22.6,20.9,20.7,19.3,20.399999999999995,24.9,23.7,28.4,20.1,16.4
2018-11-30,225.37129394777259,42.50115335173612,112.43333333333332,189.48443299311617,186.37399999999997,256.32300000000004,0.0,0.001778838532993045,0.008452022095007948,0.009512994175124669,0.0025471876086156494,0.0026887224708661782,0.21104415431335033,0.4981847460387738,0.3664908380758491,0.15058935159312542,0.15087238095238098,0.17442422544669606,1.4455081295604502,1.3456666387864265,1.4581499999999998,0.8853785714285713,1.2733333333333334,1.1640480429184266,7.841059999999998,7.369898385163716,7.771329936717419,7.364594182101975,8.2539452212238,7.981459999999988,7.994660918720589,7.063993168384901,7.045028836694409,6.560083412065011,6.5848460138816645,7.679571794714575,25.014094342225896,16.778693377462886,22.0,21.60300000000001,20.937878058565474,21.991180500507078,20.556213897835864,12.902031257240479,16.666666666666668,11.256675412752358,15.752941176470587,13.658823529411762
2018-12-31,309.70000000000005,203.5,223.4,213.8,258.4,275.29999999999995,0.017,0.0005,0.011999999999999999,0.0005,0.0005,0.0005,0.57,0.63,0.65,0.62,0.12000000000000001,0.19,1.25,1.09,1.19,1.14,1.02,0.96,6.3100000000000005,7.510000000000001,7.41,7.63,6.98,7.18,7.5,7.51,7.06,7.5,7.5,7.43,24.5,21.6,22.5,22.8,22.7,22.499999999999996,8.31,17.3,18.0,17.6,15.0,15.0
2019-01-31,246.03778539815482,41.4846597323941,108.0,221.96759743258735,197.98,263.276,0.029621170231958916,0.0027419621194104274,0.008607219185723965,0.006804277361712683,-0.0012737267303558533,0.002093105587022627,0.21685804989234528,0.5880095176533675,0.42643086894959065,0.143428333056326,0.19503095238095242,0.21580085705767715,1.4030478630010512,1.0572958680991722,1.0349166666666667,0.8853785714285713,1.0699999999999998,1.363606443598431,6.490700000000002,7.629324961862573,7.184731900389877,7.79238253792023,7.979999447864007,6.975759999999992,7.577504492741607,7.3242741541996175,7.23107701515053,6.56013645495455,6.60823223314615,7.716753447966576,27.79561519428244,18.003758278701035,26.06666666666667,24.39100000000001,23.99251297167513,24.806030407188224,16.96339063684545,15.607204869464361,15.099999999999998,6.214716543339507,15.135,14.08421052631579
2019-02-28,253.1,14.437155938439444,147.73333333333335,237.72931211177905,224.0,219.3,0.0005,0.0020466804068766846,0.0019306920570936453,0.004969011270132479,0.0005,0.0005,0.46,0.5699433295490159,0.45064656115932833,0.17988696225943487,0.25,0.4,1.32,1.1465807361000042,1.1056833333333334,0.8853785714285713,1.26,1.39,6.57,7.847267839471928,7.738996168432821,7.648622962660584,7.639999999999999,6.47,7.11,7.110466166036436,7.351773308630555,6.560276249139457,7.25,7.450000000000001,30.000000000000004,18.58210882476841,25.619999999999997,24.02500000000001,26.7,27.0,13.2,15.74809864178837,15.333333333333334,14.312686678452044,14.3,14.5
2019-03-31,253.28102006039734,45.83242527060005,119.13333333333334,202.55313012652837,227.34199999999993,269.93399999999997,0.012190563633822182,0.0015415258262911143,0.0016081349230714739,0.004111643241457541,-0.0010297402402544634,0.0009193977957075398,0.16364584246863842,0.5733035937353254,0.40437294233052146,0.13949229470076488,0.2060607142857143,0.19634592318056124,1.5721697424850454,1.2303987846398459,1.0855166666666667,0.8853785714285713,1.3066666666666669,1.136675230742138,7.591099999999995,7.691271103515656,7.1462009567199924,7.6872341654561245,8.356464162076044,7.962099999999995,7.552762902354986,7.526641073328696,7.236083861378119,6.560102082215425,6.593064212838006,7.78042556234711,25.14043084691114,17.447016750174623,21.93,21.655000000000005,19.816640777270887,21.91624660157236,15.752666020211144,17.86665291816947,23.633333333333333,10.770494867349736,13.874999999999998,13.370000000000001
2019-04-30,388.8,183.1,202.9,185.5,329.1,358.8,0.017,0.0,0.008,0.0,0.0,0.0005,0.7,0.5,0.51,0.52,0.21,0.007000000000000001,1.0808540987564745,1.241871877825975,1.1967464285714284,0.9887166666666667,1.3300000000000003,0.9169323060624903,8.96,7.27,7.56,7.68,8.96,9.28,7.929999999999999,7.730000000000001,7.67,7.6,6.55,7.690000000000001,16.2,19.4,19.2,19.3,16.2,16.8,13.6,25.299999999999997,26.9,20.6,13.1,13.5
2019-05-31,223.03477323188704,71.38233979645281,113.88333333333334,159.09734394359657,186.92600000000004,269.81800000000004,0.0,0.0015260844357442615,0.001978854775418683,0.003557971261923041,-0.0001720608173192532,0.0015027015490564155,0.18684627347999566,0.4911674559675589,0.35492267320968746,0.141340549997108,0.23747119047619047,0.1870532750562605,1.549063952119604,1.2491682672018112,1.3874,0.8853785714285713,1.2825000000000002,1.241810391054375,8.586800000000014,7.60330908225009,9.420305645806375,7.603540615795537,9.156110564186893,9.145899999999981,7.681830836491308,7.500748739331179,7.25593738917867,6.56010933756025,6.596165049983148,7.774989015878701,17.25435014005179,14.537720427426958,16.9,16.410000000000004,16.5590534643299,16.036982288651426,24.848401521114628,16.15818231915696,25.06666666666667,6.205515274025293,18.657894736842106,15.174999999999999
2019-06-30,287.9,67.41204510162041,153.4,158.06428144358833,260.5,262.7,0.021,0.0018534097841219651,0.008849252618842469,0.004203545578779395,0.0005,0.0,0.62,0.31472256668559634,0.33442927305627823,0.10873734074118646,0.54,0.3,1.92,1.2646667080508476,1.4115488095238098,0.8853785714285713,1.3300000000000003,1.3799999999999997,8.76,7.826874843354961,8.836625973308347,7.821770968966661,8.96,9.16,7.35,7.068873378145935,7.187296918018,6.56072982198306,7.29,7.360000000000001,16.3,14.921216895837864,15.3,16.068,14.1,15.1,15.8,31.20428171835096,27.400000000000002,12.235168210134464,11.9,16.4
2019-07-31,122.2962508639531,71.52401642314753,105.73333333333333,111.94363086258294,120.531,156.22999999999996,0.0,0.0020190489815363672,0.008473632510790127,0.0045464068486185125,0.002696190796232746,0.0028697088705192885,0.21705351173268472,0.3875724137802568,0.2977015279257346,0.14927373101374783,0.18440452380952382,0.22761475520606173,1.5797778495509467,1.352754911480054,1.4299793650793653,0.8853785714285713,1.26,1.4937482888475009,9.799579999999983,7.9898253511318655,9.494323782254002,8.086337633553093,9.957616703271576,10.430899999999989,7.876934331383761,7.214595118097023,7.39157243771804,6.5601700681958155,6.622835942117621,7.778843806300524,12.765127534176791,12.285902364120629,12.333333333333332,12.536000000000001,12.705420271384233,11.995604293966291,49.95904532131188,30.215989003186234,18.6,15.63456881353676,22.7,22.42
2019-08-31,94.8,67.84834728877532,105.73333333333333,102.76772266842005,93.5,90.7,0.005,0.004886330794005849,0.008226954003175576,0.004759358878603032,0.0,0.005,0.32,0.31708615331641804,0.2679416450040296,0.14893564789730482,0.10999999999999999,0.28,1.65,1.710230426283939,1.46515,0.8853785714285713,1.16,1.62,10.51,7.859125170426053,10.109091149332407,8.077918638857343,10.57,10.65,7.41,7.067732886472731,7.28631071197089,6.560928841460812,7.9,7.51,10.5,12.801631937769526,12.42,12.757,10.5,10.3,48.5,30.968729005654012,18.6,14.096348761046904,38.8,43.900000000000006
2019-09-30,173.34665182105735,54.85969806994301,106.3,93.26807460839326,122.65499999999996,138.89800000000005,0.009279697031608858,0.0027067782500996983,0.008595034386882255,0.0043662250491890865,0.004743372843099714,0.0032685186131955484,0.21807235310925122,0.25998006529129697,0.23344592494889035,0.1426401545440721,0.2872795238095238,0.2133526582498268,1.66595302887684,1.5529965364590785,1.4299793650793653,0.8853785714285713,1.26,1.5095250715527888,9.489439999999984,7.903990068664727,9.572271462398108,7.920137310325329,9.731289764688395,9.870439999999991,7.700299584847053,6.960375337599223,7.121522381504964,6.560156452860045,6.616805979766864,7.612755167108059,14.992044966514035,12.713645152221208,15.3,14.757000000000001,15.995927465679415,14.12720951786426,47.88555840526102,26.91394182602001,26.400000000000002,10.861104162211687,26.4,29.0
2019-10-31,193.9,98.2,67.1,74.3,146.9,167.2,0.009,0.008,0.008,0.008,0.0009,0.0009000000000000001,0.42,0.25,0.17,0.17000000000000004,0.16,0.38,1.6800000000000002,1.51,1.41,1.45,1.53,1.53,8.58,6.91,7.37,7.27,8.74,8.49,7.666143590210046,6.81401306093092,7.029887117040334,6.560115766948951,6.59903301347353,7.454802217091659,18.5,17.5,16.7,17.5,16.7,17.1,26.2,26.1,25.2,25.2,26.4,28.099999999999998
2019-11-30,201.62218086832598,34.062877595093134,108.0,148.11363876943471,171.32899999999998,257.764,0.018799749436952784,0.0017791113917641598,0.0019396972984335778,0.002762747453194299,0.0034925865481060326,0.0021533894084011912,0.19149870838417582,0.3839101245341379,0.30254429004134187,0.14477518772649153,0.13864738095238097,0.18229030248789937,1.6118527741676645,1.6713851940764768,1.435954365079365,0.8853785714285713,1.22,1.2571708907951806,8.431680000000002,7.793015212443373,7.745159333026315,7.7899806450251265,8.63931387173799,8.002239999999995,7.994784856545317,6.849994191578294,6.936241646019929,6.560092242835903,6.588628793272957,7.5648214629603165,26.60943468358773,18.340656076832627,25.255555555555553,22.91400000000001,20.964807965329115,23.68730424128997,13.462632577925419,16.806715301629605,22.96666666666667,11.86473967499645,15.135,15.817647058823528
2019-12-31,437.50000000000006,167.5,173.4,174.5,355.6,412.0,0.094,0.005,0.005,0.0,0.0009,0.0009000000000000001,0.36,0.6,0.54,0.54,0.1,0.012600000000000002,2.28,1.85,1.8399999999999999,1.7699999999999998,1.18,1.28,14.84,8.26,8.29,8.21,7.46,7.960000000000001,7.5,6.569999999999999,6.71,6.56,7.3,7.240000000000001,27.8,25.7,25.7,25.6,25.1,28.2,15.374137224799888,17.537423318283956,14.333333333333332,12.214580950211088,16.884615384615383,14.933333333333335
2020-01-31,290.73240321435543,36.374838382056566,123.65,212.41071184117916,241.79899999999986,360.94900000000007,0.01821580553794546,0.001563238841440346,0.0016420330686971387,0.0014128225250523887,0.0011242319763642948,0.0,0.046250121603013984,0.5898141707098008,0.39099788879659747,0.11032955627306143,0.2544452380952381,0.20073959311226933,1.6517240405557534,1.4267492834221192,1.4028126984126985,0.8853785714285713,0.83875,0.9771479003216879,7.658299999999998,7.872336620578153,7.623950288582568,7.795781433845772,8.226205945489358,7.720239999999991,7.385274354522926,7.2982392516731,7.190592875861658,6.560222792599868,6.6459129913357735,7.611986587663623,29.22113203676358,19.21632527338328,25.777777777777782,23.85600000000001,23.373665798192405,26.631460606099434,17.648707569304797,8.915439508024784,15.099999999999998,7.038756924198191,16.884615384615383,12.933333333333334
2020-02-29,382.79999999999995,216.6,225.6,219.39999999999998,356.2,406.09999999999997,0.017,0.0,0.0,0.0,0.0076,0.0,0.91,0.52,0.55,0.55,0.18,0.0,1.55,1.0,1.11,1.07,0.7799999999999999,0.78,7.18,7.27,7.25,7.37,6.14,8.04,7.929999999999999,7.990000000000001,7.99,8.05,7.82,8.09,26.9,26.7,26.2,26.3,24.6,26.7,10.4,17.1,18.3,23.2,18.1,6.14
